<metadata xml:lang="en"><Esri><CreaDate>20200821</CreaDate><CreaTime>10461600</CreaTime><ArcGISFormat>1.0</ArcGISFormat><SyncOnce>FALSE</SyncOnce><DataProperties><itemProps><itemName Sync="TRUE">Areas_of_Outstanding_Natural_Beauty_England</itemName><imsContentType Sync="TRUE">002</imsContentType><itemLocation><linkage Sync="TRUE">file://\\Csdefra01\AGSSTAGING\VectorData\!ReceivedFiles\Self_Publishing\DEF3726ne\Data\Full\NE\AreasOfOutstandingNaturalBeautyEngland\SHP\data\Areas_of_Outstanding_Natural_Beauty_England.shp</linkage><protocol Sync="TRUE">Local Area Network</protocol></itemLocation><itemSize Sync="TRUE">0.000</itemSize></itemProps><coordRef><type Sync="TRUE">Projected</type><geogcsn Sync="TRUE">GCS_OSGB_1936</geogcsn><csUnits Sync="TRUE">Linear Unit: Meter (1.000000)</csUnits><projcsn Sync="TRUE">British_National_Grid</projcsn><peXml Sync="TRUE">&lt;ProjectedCoordinateSystem xsi:type='typens:ProjectedCoordinateSystem' xmlns:xsi='http://www.w3.org/2001/XMLSchema-instance' xmlns:xs='http://www.w3.org/2001/XMLSchema' xmlns:typens='http://www.esri.com/schemas/ArcGIS/10.6'&gt;&lt;WKT&gt;PROJCS[&amp;quot;British_National_Grid&amp;quot;,GEOGCS[&amp;quot;GCS_OSGB_1936&amp;quot;,DATUM[&amp;quot;D_OSGB_1936&amp;quot;,SPHEROID[&amp;quot;Airy_1830&amp;quot;,6377563.396,299.3249646]],PRIMEM[&amp;quot;Greenwich&amp;quot;,0.0],UNIT[&amp;quot;Degree&amp;quot;,0.0174532925199433]],PROJECTION[&amp;quot;Transverse_Mercator&amp;quot;],PARAMETER[&amp;quot;False_Easting&amp;quot;,400000.0],PARAMETER[&amp;quot;False_Northing&amp;quot;,-100000.0],PARAMETER[&amp;quot;Central_Meridian&amp;quot;,-2.0],PARAMETER[&amp;quot;Scale_Factor&amp;quot;,0.9996012717],PARAMETER[&amp;quot;Latitude_Of_Origin&amp;quot;,49.0],UNIT[&amp;quot;Meter&amp;quot;,1.0],AUTHORITY[&amp;quot;EPSG&amp;quot;,27700]]&lt;/WKT&gt;&lt;XOrigin&gt;-5220400&lt;/XOrigin&gt;&lt;YOrigin&gt;-15524400&lt;/YOrigin&gt;&lt;XYScale&gt;450481592.76709664&lt;/XYScale&gt;&lt;ZOrigin&gt;-100000&lt;/ZOrigin&gt;&lt;ZScale&gt;10000&lt;/ZScale&gt;&lt;MOrigin&gt;-100000&lt;/MOrigin&gt;&lt;MScale&gt;10000&lt;/MScale&gt;&lt;XYTolerance&gt;0.001&lt;/XYTolerance&gt;&lt;ZTolerance&gt;0.001&lt;/ZTolerance&gt;&lt;MTolerance&gt;0.001&lt;/MTolerance&gt;&lt;HighPrecision&gt;true&lt;/HighPrecision&gt;&lt;WKID&gt;27700&lt;/WKID&gt;&lt;LatestWKID&gt;27700&lt;/LatestWKID&gt;&lt;/ProjectedCoordinateSystem&gt;</peXml></coordRef><lineage><Process ToolSource="c:\program files (x86)\arcgis\desktop10.6\ArcToolbox\Toolboxes\Conversion Tools.tbx\FeatureClassToFeatureClass" Date="20200818" Time="103404">FeatureClassToFeatureClass C:\Del\AONB\aonbshp\AONB.shp C:\Del\AONB\Areas_of_Outstanding_Natural_Beauty_NE_CCW\Areas_of_Outstanding_Natural_Beauty.gdb AONB # "CODE "CODE" true true false 2 Text 0 0 ,First,#,C:\Del\AONB\aonbshp\AONB.shp,CODE,-1,-1;NAME "NAME" true true false 254 Text 0 0 ,First,#,C:\Del\AONB\aonbshp\AONB.shp,NAME,-1,-1;DESIG_DATE "DESIG_DATE" true true false 14 Text 0 0 ,First,#,C:\Del\AONB\aonbshp\AONB.shp,DESIG_DATE,-1,-1;HOTLINK "HOTLINK" true true false 100 Text 0 0 ,First,#,C:\Del\AONB\aonbshp\AONB.shp,HOTLINK,-1,-1;STAT_AREA "STAT_AREA" true true false 11 Double 2 10 ,First,#,C:\Del\AONB\aonbshp\AONB.shp,STAT_AREA,-1,-1" #</Process><Process ToolSource="d:\program files (x86)\arcgis\desktop10.2\ArcToolbox\Toolboxes\Conversion Tools.tbx\FeatureClassToFeatureClass" Date="20200819" Time="104739">FeatureClassToFeatureClass M:\Geo-Data\Designations\Landscape\Areas_of_Outstanding_Natural_Beauty_NE_CCW\Areas_of_Outstanding_Natural_Beauty.gdb\AONB Y:\Projects_V2\NE_Defra_Data_Services_Platform\Packages\2020_08\Update\Areas_of_Outstanding_Natural_Beauty_England\Data\Areas_of_Outstanding_Natural_Beauty_England.gdb Areas_of_Outstanding_Natural_Beauty_England # "CODE "CODE" true true false 2 Text 0 0 ,First,#,M:\Geo-Data\Designations\Landscape\Areas_of_Outstanding_Natural_Beauty_NE_CCW\Areas_of_Outstanding_Natural_Beauty.gdb\AONB,CODE,-1,-1;NAME "NAME" true true false 254 Text 0 0 ,First,#,M:\Geo-Data\Designations\Landscape\Areas_of_Outstanding_Natural_Beauty_NE_CCW\Areas_of_Outstanding_Natural_Beauty.gdb\AONB,NAME,-1,-1;DESIG_DATE "DESIG_DATE" true true false 14 Text 0 0 ,First,#,M:\Geo-Data\Designations\Landscape\Areas_of_Outstanding_Natural_Beauty_NE_CCW\Areas_of_Outstanding_Natural_Beauty.gdb\AONB,DESIG_DATE,-1,-1;HOTLINK "HOTLINK" true true false 100 Text 0 0 ,First,#,M:\Geo-Data\Designations\Landscape\Areas_of_Outstanding_Natural_Beauty_NE_CCW\Areas_of_Outstanding_Natural_Beauty.gdb\AONB,HOTLINK,-1,-1;STAT_AREA "STAT_AREA" true true false 8 Double 0 0 ,First,#,M:\Geo-Data\Designations\Landscape\Areas_of_Outstanding_Natural_Beauty_NE_CCW\Areas_of_Outstanding_Natural_Beauty.gdb\AONB,STAT_AREA,-1,-1;Shape_Length "Shape_Length" false true true 8 Double 0 0 ,First,#,M:\Geo-Data\Designations\Landscape\Areas_of_Outstanding_Natural_Beauty_NE_CCW\Areas_of_Outstanding_Natural_Beauty.gdb\AONB,Shape_Length,-1,-1;Shape_Area "Shape_Area" false true true 8 Double 0 0 ,First,#,M:\Geo-Data\Designations\Landscape\Areas_of_Outstanding_Natural_Beauty_NE_CCW\Areas_of_Outstanding_Natural_Beauty.gdb\AONB,Shape_Area,-1,-1" #</Process><Process ToolSource="c:\program files (x86)\arcgis\desktop10.6\ArcToolbox\Toolboxes\Conversion Tools.tbx\FeatureClassToFeatureClass" Date="20200821" Time="140033">FeatureClassToFeatureClass Areas_of_Outstanding_Natural_Beauty_England \\Csdefra01\AGSSTAGING\VectorData\!ReceivedFiles\Self_Publishing\DEF3726ne\Data\Full\NE\AreasOfOutstandingNaturalBeautyEngland\SHP\data Areas_of_Outstanding_Natural_Beauty_England.shp # "code "code" true true false 2 Text 0 0 ,First,#,Areas_of_Outstanding_Natural_Beauty_England,code,-1,-1;name "name" true true false 254 Text 0 0 ,First,#,Areas_of_Outstanding_Natural_Beauty_England,name,-1,-1;desig_date "desig_date" true true false 14 Text 0 0 ,First,#,Areas_of_Outstanding_Natural_Beauty_England,desig_date,-1,-1;hotlink "hotlink" true true false 100 Text 0 0 ,First,#,Areas_of_Outstanding_Natural_Beauty_England,hotlink,-1,-1;stat_area "stat_area" true true false 8 Double 8 38 ,First,#,Areas_of_Outstanding_Natural_Beauty_England,stat_area,-1,-1;st_area_sh "st_area_sh" false true true 0 Double 0 0 ,First,#,Areas_of_Outstanding_Natural_Beauty_England,st_area(shape),-1,-1;st_perimet "st_perimet" false true true 0 Double 0 0 ,First,#,Areas_of_Outstanding_Natural_Beauty_England,st_perimeter(shape),-1,-1" #</Process></lineage></DataProperties><SyncDate>20200821</SyncDate><SyncTime>14003100</SyncTime><ModDate>20200821</ModDate><ModTime>14003100</ModTime></Esri><dataIdInfo><envirDesc Sync="TRUE"> Version 6.2 (Build 9200) ; Esri ArcGIS 10.6.1.9270</envirDesc><dataLang><languageCode value="eng" Sync="TRUE"></languageCode><countryCode value="GBR" Sync="TRUE"></countryCode></dataLang><idCitation><resTitle Sync="TRUE">Areas_of_Outstanding_Natural_Beauty_England</resTitle><presForm><PresFormCd value="005" Sync="TRUE"></PresFormCd></presForm></idCitation><spatRpType><SpatRepTypCd value="001" Sync="TRUE"></SpatRepTypCd></spatRpType></dataIdInfo><mdLang><languageCode value="eng" Sync="TRUE"></languageCode><countryCode value="GBR" Sync="TRUE"></countryCode></mdLang><mdChar><CharSetCd value="004" Sync="TRUE"></CharSetCd></mdChar><distInfo><distFormat><formatName Sync="TRUE">Shapefile</formatName></distFormat><distTranOps><transSize Sync="TRUE">0.000</transSize></distTranOps></distInfo><mdHrLv><ScopeCd value="005" Sync="TRUE"></ScopeCd></mdHrLv><mdHrLvName Sync="TRUE">dataset</mdHrLvName><refSysInfo><RefSystem><refSysID><identCode code="27700" Sync="TRUE"></identCode><idCodeSpace Sync="TRUE">EPSG</idCodeSpace><idVersion Sync="TRUE">8.9.5(3.0.1)</idVersion></refSysID></RefSystem></refSysInfo><spatRepInfo><VectSpatRep><geometObjs Name="Areas_of_Outstanding_Natural_Beauty_England"><geoObjTyp><GeoObjTypCd value="002" Sync="TRUE"></GeoObjTypCd></geoObjTyp><geoObjCnt Sync="TRUE">0</geoObjCnt></geometObjs><topLvl><TopoLevCd value="001" Sync="TRUE"></TopoLevCd></topLvl></VectSpatRep></spatRepInfo><spdoinfo><ptvctinf><esriterm Name="Areas_of_Outstanding_Natural_Beauty_England"><efeatyp Sync="TRUE">Simple</efeatyp><efeageom code="4" Sync="TRUE"></efeageom><esritopo Sync="TRUE">FALSE</esritopo><efeacnt Sync="TRUE">0</efeacnt><spindex Sync="TRUE">FALSE</spindex><linrefer Sync="TRUE">FALSE</linrefer></esriterm></ptvctinf></spdoinfo><eainfo><detailed Name="Areas_of_Outstanding_Natural_Beauty_England"><enttyp><enttypl Sync="TRUE">Areas_of_Outstanding_Natural_Beauty_England</enttypl><enttypt Sync="TRUE">Feature Class</enttypt><enttypc Sync="TRUE">0</enttypc></enttyp><attr><attrlabl Sync="TRUE">FID</attrlabl><attalias Sync="TRUE">FID</attalias><attrtype Sync="TRUE">OID</attrtype><attwidth Sync="TRUE">4</attwidth><atprecis Sync="TRUE">0</atprecis><attscale Sync="TRUE">0</attscale><attrdef Sync="TRUE">Internal feature number.</attrdef><attrdefs Sync="TRUE">Esri</attrdefs><attrdomv><udom Sync="TRUE">Sequential unique whole numbers that are automatically generated.</udom></attrdomv></attr><attr><attrlabl Sync="TRUE">Shape</attrlabl><attalias Sync="TRUE">Shape</attalias><attrtype Sync="TRUE">Geometry</attrtype><attwidth Sync="TRUE">0</attwidth><atprecis Sync="TRUE">0</atprecis><attscale Sync="TRUE">0</attscale><attrdef Sync="TRUE">Feature geometry.</attrdef><attrdefs Sync="TRUE">Esri</attrdefs><attrdomv><udom Sync="TRUE">Coordinates defining the features.</udom></attrdomv></attr><attr><attrlabl Sync="TRUE">CODE</attrlabl><attalias Sync="TRUE">code</attalias><attrtype Sync="TRUE">String</attrtype><attwidth Sync="TRUE">2</attwidth><atprecis Sync="TRUE">0</atprecis><attscale Sync="TRUE">0</attscale></attr><attr><attrlabl Sync="TRUE">NAME</attrlabl><attalias Sync="TRUE">name</attalias><attrtype Sync="TRUE">String</attrtype><attwidth Sync="TRUE">254</attwidth><atprecis Sync="TRUE">0</atprecis><attscale Sync="TRUE">0</attscale></attr><attr><attrlabl Sync="TRUE">DESIG_DATE</attrlabl><attalias Sync="TRUE">desig_date</attalias><attrtype Sync="TRUE">String</attrtype><attwidth Sync="TRUE">14</attwidth><atprecis Sync="TRUE">0</atprecis><attscale Sync="TRUE">0</attscale></attr><attr><attrlabl Sync="TRUE">HOTLINK</attrlabl><attalias Sync="TRUE">hotlink</attalias><attrtype Sync="TRUE">String</attrtype><attwidth Sync="TRUE">100</attwidth><atprecis Sync="TRUE">0</atprecis><attscale Sync="TRUE">0</attscale></attr><attr><attrlabl Sync="TRUE">STAT_AREA</attrlabl><attalias Sync="TRUE">stat_area</attalias><attrtype Sync="TRUE">Double</attrtype><attwidth Sync="TRUE">19</attwidth><atprecis Sync="TRUE">18</atprecis><attscale Sync="TRUE">8</attscale></attr><attr><attrlabl Sync="TRUE">st_area_sh</attrlabl><attalias Sync="TRUE">st_area_sh</attalias><attrtype Sync="TRUE">Double</attrtype><attwidth Sync="TRUE">19</attwidth><atprecis Sync="TRUE">0</atprecis><attscale Sync="TRUE">0</attscale></attr><attr><attrlabl Sync="TRUE">st_perimet</attrlabl><attalias Sync="TRUE">st_perimet</attalias><attrtype Sync="TRUE">Double</attrtype><attwidth Sync="TRUE">19</attwidth><atprecis Sync="TRUE">0</atprecis><attscale Sync="TRUE">0</attscale></attr></detailed></eainfo><mdDateSt Sync="TRUE">20200821</mdDateSt></metadata>
